{
  "run_config": {
    "scene": "random-pairs",
    "n_occluders": 4,
    "n_targets": 3,
    "n_hidden": 2,
    "n_extra_distractors": 1,
    "n_objects": 3,
    "seed": 39,
    "goal": "find-and-tray-stack",
    "stack_height": 2,
    "unit_costs": false,
    "baseline": "semantic",
    "uniform_cell_size": 0.05,
    "min_boxel_size": null,
    "gui": false,
    "boxel_viz": true,
    "show_free": false,
    "log_level": "quiet",
    "effective_min_boxel_size": 0.0946
  },
  "success": false,
  "exit_reason": "planner_failed",
  "plan_count": 1,
  "n_sense_actions": 0,
  "total_planning_time_s": 1.366,
  "per_call_planning_time_s": [
    1.366
  ],
  "physical_failures_per_action": [],
  "physical_failures_at_goal": [],
  "boxel_counts_per_replan": [
    {
      "plan_index": 1,
      "n_object_boxels": 6,
      "n_shadow_boxels": 18,
      "n_free_space_boxels": 30
    }
  ],
  "n_object_boxels": 6,
  "n_shadow_boxels": 18,
  "n_free_space_boxels": 30,
  "boxel_volumes_object": [
    0.00332,
    0.000446,
    0.000591,
    0.000606,
    0.000258,
    0.000107
  ],
  "boxel_volumes_shadow": [
    0.000293,
    0.000298,
    8.1e-05,
    2e-06,
    0.000469,
    0.000226,
    2e-05,
    0.000501,
    4e-06,
    0.000321,
    0.000255,
    3e-06,
    0.000341,
    6.1e-05,
    0.000725,
    3.3e-05,
    0.000146,
    0.000212
  ],
  "boxel_volumes_free_space": [
    0.12,
    0.16,
    0.00625,
    0.0025,
    0.00125,
    0.00125,
    0.00125,
    0.001875,
    0.000469,
    0.000469,
    0.000313,
    0.000156,
    0.00125,
    7.8e-05,
    0.000156,
    0.000156,
    0.001094,
    0.000156,
    0.000469,
    0.000391,
    0.000937,
    0.000312,
    0.001953,
    0.000156,
    0.000312,
    0.000469,
    0.000156,
    0.000156,
    0.001406,
    0.000313
  ],
  "n_init_state_facts": 797,
  "n_facts_by_predicate": {
    "blocks_view_at": 505,
    "boxel_fits": 56,
    "clear": 7,
    "is_free_space": 30,
    "Boxel": 55,
    "obj_at_boxel_KIF": 79,
    "on_table": 7,
    "Obj": 9,
    "is_shadow": 18,
    "obj_at_boxel": 7,
    "is_object": 6,
    "on_surface": 13,
    "is_tray": 1,
    "Config": 1,
    "at_config": 1,
    "obj_pose_known": 1,
    "handempty": 1
  },
  "wall_clock_s": 6.254
}