{
  "run_config": {
    "scene": "random-pairs",
    "n_occluders": 4,
    "n_targets": 4,
    "n_hidden": 4,
    "n_extra_distractors": 0,
    "n_objects": 3,
    "seed": 303,
    "goal": "holding",
    "stack_height": 2,
    "unit_costs": false,
    "baseline": "semantic",
    "uniform_cell_size": 0.05,
    "min_boxel_size": null,
    "gui": false,
    "boxel_viz": true,
    "show_free": false,
    "log_level": "quiet",
    "effective_min_boxel_size": 0.0943
  },
  "success": false,
  "exit_reason": "planner_failed",
  "plan_count": 3,
  "n_sense_actions": 1,
  "total_planning_time_s": 5.4,
  "per_call_planning_time_s": [
    2.045,
    1.313,
    2.042
  ],
  "physical_failures_per_action": [],
  "physical_failures_at_goal": [],
  "boxel_counts_per_replan": [
    {
      "plan_index": 1,
      "n_object_boxels": 4,
      "n_shadow_boxels": 13,
      "n_free_space_boxels": 18
    },
    {
      "plan_index": 2,
      "n_object_boxels": 4,
      "n_shadow_boxels": 13,
      "n_free_space_boxels": 18
    },
    {
      "plan_index": 3,
      "n_object_boxels": 6,
      "n_shadow_boxels": 16,
      "n_free_space_boxels": 41
    }
  ],
  "n_object_boxels": 6,
  "n_shadow_boxels": 16,
  "n_free_space_boxels": 41,
  "boxel_volumes_object": [
    0.000569,
    0.000628,
    0.000453,
    0.00068,
    0.000121,
    0.00019
  ],
  "boxel_volumes_shadow": [
    0.000637,
    0.000649,
    0.00026,
    1e-06,
    0.000479,
    0.000648,
    0.000828,
    0.000207,
    0.000109,
    1.4e-05,
    4e-06,
    4.2e-05,
    0.00017,
    0.000217,
    0.00018,
    0.000205
  ],
  "boxel_volumes_free_space": [
    0.08,
    0.16,
    0.01,
    0.001875,
    0.000469,
    0.01,
    0.005,
    0.01,
    0.0025,
    0.0025,
    0.00125,
    0.005,
    0.00125,
    0.0025,
    0.00125,
    0.000469,
    0.000625,
    0.000625,
    0.000312,
    0.000469,
    0.000312,
    0.000625,
    0.000156,
    0.000313,
    0.000469,
    0.000313,
    0.000625,
    0.000937,
    0.000234,
    0.000312,
    0.000312,
    0.000313,
    0.000312,
    0.000312,
    0.000313,
    0.000156,
    0.000156,
    0.00125,
    0.000156,
    0.000625,
    0.000313
  ],
  "n_init_state_facts": 891,
  "n_facts_by_predicate": {
    "Boxel": 65,
    "blocks_view_at": 574,
    "boxel_fits": 88,
    "on_surface": 18,
    "obj_at_boxel_KIF": 53,
    "is_free_space": 41,
    "is_shadow": 16,
    "clear": 7,
    "is_object": 6,
    "obj_at_boxel": 6,
    "Obj": 7,
    "on_table": 7,
    "at_config": 1,
    "handempty": 1,
    "Config": 1
  },
  "wall_clock_s": 11.378
}