{
  "run_config": {
    "scene": "random-pairs",
    "n_occluders": 4,
    "n_targets": 2,
    "n_hidden": 1,
    "n_extra_distractors": 1,
    "n_objects": 3,
    "seed": 278,
    "goal": "find-and-tray-stack",
    "stack_height": 2,
    "unit_costs": false,
    "baseline": "semantic",
    "uniform_cell_size": 0.05,
    "min_boxel_size": null,
    "gui": false,
    "boxel_viz": true,
    "show_free": false,
    "log_level": "quiet",
    "effective_min_boxel_size": 0.0972
  },
  "success": true,
  "exit_reason": null,
  "plan_count": 4,
  "n_sense_actions": 3,
  "total_planning_time_s": 30.143,
  "per_call_planning_time_s": [
    9.529,
    10.025,
    5.086,
    5.503
  ],
  "physical_failures_per_action": [],
  "physical_failures_at_goal": [],
  "boxel_counts_per_replan": [
    {
      "plan_index": 1,
      "n_object_boxels": 5,
      "n_shadow_boxels": 9,
      "n_free_space_boxels": 24
    },
    {
      "plan_index": 2,
      "n_object_boxels": 6,
      "n_shadow_boxels": 10,
      "n_free_space_boxels": 29
    },
    {
      "plan_index": 3,
      "n_object_boxels": 6,
      "n_shadow_boxels": 10,
      "n_free_space_boxels": 29
    },
    {
      "plan_index": 4,
      "n_object_boxels": 6,
      "n_shadow_boxels": 9,
      "n_free_space_boxels": 45
    }
  ],
  "n_object_boxels": 7,
  "n_shadow_boxels": 9,
  "n_free_space_boxels": 44,
  "boxel_volumes_object": [
    0.00332,
    0.000287,
    0.00068,
    0.000624,
    9.4e-05,
    0.00044,
    0.000124
  ],
  "boxel_volumes_shadow": [
    0.000585,
    0.000749,
    0.000859,
    0.001165,
    0.000122,
    0.000123,
    3.8e-05,
    0.001094,
    0.000905
  ],
  "boxel_volumes_free_space": [
    0.16,
    0.000625,
    0.000625,
    0.000156,
    0.0025,
    0.000469,
    0.000313,
    0.000625,
    0.000469,
    0.000469,
    0.000156,
    0.08,
    0.0125,
    0.01,
    0.0075,
    0.0025,
    0.00125,
    0.00375,
    0.00125,
    0.0025,
    0.001875,
    0.0025,
    0.000469,
    0.000469,
    0.000625,
    0.000781,
    0.000312,
    0.000937,
    0.000313,
    0.000313,
    0.000625,
    0.000312,
    0.000625,
    0.000313,
    0.000156,
    0.000625,
    0.000625,
    0.000625,
    0.000156,
    0.000625,
    0.000156,
    0.000625,
    0.000313,
    0.000469
  ],
  "n_init_state_facts": 740,
  "n_facts_by_predicate": {
    "blocks_view_at": 351,
    "boxel_fits": 107,
    "obj_at_boxel_KIF": 109,
    "on_surface": 16,
    "Boxel": 63,
    "is_free_space": 45,
    "Obj": 9,
    "obj_at_boxel": 7,
    "at_config": 1,
    "on_table": 6,
    "is_shadow": 9,
    "on": 1,
    "clear": 6,
    "is_object": 6,
    "Config": 1,
    "handempty": 1,
    "is_tray": 1,
    "obj_pose_known": 1
  },
  "wall_clock_s": 37.214
}