{
  "run_config": {
    "scene": "random-pairs",
    "n_occluders": 4,
    "n_targets": 2,
    "n_hidden": 1,
    "n_extra_distractors": 1,
    "n_objects": 3,
    "seed": 196,
    "goal": "find-and-tray-stack",
    "stack_height": 2,
    "unit_costs": false,
    "baseline": "semantic",
    "uniform_cell_size": 0.05,
    "min_boxel_size": 0.05,
    "gui": false,
    "boxel_viz": true,
    "show_free": false,
    "log_level": "quiet",
    "effective_min_boxel_size": 0.05
  },
  "success": false,
  "exit_reason": "planner_failed",
  "plan_count": 4,
  "n_sense_actions": 1,
  "total_planning_time_s": 16.82,
  "per_call_planning_time_s": [
    6.338,
    5.271,
    3.737,
    1.474
  ],
  "physical_failures_per_action": [],
  "physical_failures_at_goal": [],
  "boxel_counts_per_replan": [
    {
      "plan_index": 1,
      "n_object_boxels": 6,
      "n_shadow_boxels": 12,
      "n_free_space_boxels": 30
    },
    {
      "plan_index": 2,
      "n_object_boxels": 6,
      "n_shadow_boxels": 11,
      "n_free_space_boxels": 41
    },
    {
      "plan_index": 3,
      "n_object_boxels": 6,
      "n_shadow_boxels": 11,
      "n_free_space_boxels": 41
    },
    {
      "plan_index": 4,
      "n_object_boxels": 6,
      "n_shadow_boxels": 11,
      "n_free_space_boxels": 41
    }
  ],
  "n_object_boxels": 6,
  "n_shadow_boxels": 11,
  "n_free_space_boxels": 41,
  "boxel_volumes_object": [
    0.00332,
    0.000926,
    0.000756,
    0.000233,
    0.00028,
    0.000122
  ],
  "boxel_volumes_shadow": [
    0.000575,
    6e-06,
    0.000645,
    0.000705,
    0.000309,
    1.5e-05,
    0.000451,
    9e-05,
    0.000123,
    0.000578,
    0.000795
  ],
  "boxel_volumes_free_space": [
    0.12,
    0.16,
    0.0025,
    0.00125,
    0.00125,
    0.000937,
    0.0025,
    0.00125,
    0.000625,
    0.001875,
    0.001094,
    0.000312,
    0.000156,
    0.000156,
    0.000312,
    0.000156,
    0.000234,
    0.000313,
    0.000469,
    0.001875,
    0.00125,
    0.000625,
    0.000156,
    0.000469,
    0.000938,
    0.000156,
    7.8e-05,
    0.001406,
    0.000313,
    0.000156,
    0.000156,
    7.8e-05,
    0.000625,
    0.000469,
    0.000312,
    0.000156,
    0.000938,
    0.000781,
    0.000156,
    0.000234,
    0.000156
  ],
  "n_init_state_facts": 703,
  "n_facts_by_predicate": {
    "blocks_view_at": 360,
    "boxel_fits": 70,
    "obj_at_boxel_KIF": 101,
    "on_table": 6,
    "Boxel": 60,
    "Obj": 9,
    "clear": 6,
    "is_shadow": 11,
    "on_surface": 20,
    "is_free_space": 41,
    "obj_pose_known": 1,
    "is_object": 6,
    "at_config": 1,
    "obj_at_boxel": 7,
    "on": 1,
    "handempty": 1,
    "Config": 1,
    "is_tray": 1
  },
  "wall_clock_s": 22.49
}