{
  "run_config": {
    "scene": "random-pairs",
    "n_occluders": 3,
    "n_targets": 2,
    "n_hidden": 1,
    "n_extra_distractors": 1,
    "n_objects": 3,
    "seed": 199,
    "goal": "find-and-tray-stack",
    "stack_height": 2,
    "unit_costs": false,
    "baseline": "semantic",
    "uniform_cell_size": 0.05,
    "min_boxel_size": null,
    "gui": false,
    "boxel_viz": true,
    "show_free": false,
    "log_level": "quiet",
    "effective_min_boxel_size": 0.0995
  },
  "success": false,
  "exit_reason": "planner_failed",
  "plan_count": 4,
  "n_sense_actions": 1,
  "total_planning_time_s": 31.459,
  "per_call_planning_time_s": [
    7.302,
    17.381,
    4.822,
    1.955
  ],
  "physical_failures_per_action": [],
  "physical_failures_at_goal": [],
  "boxel_counts_per_replan": [
    {
      "plan_index": 1,
      "n_object_boxels": 5,
      "n_shadow_boxels": 15,
      "n_free_space_boxels": 33
    },
    {
      "plan_index": 2,
      "n_object_boxels": 5,
      "n_shadow_boxels": 15,
      "n_free_space_boxels": 33
    },
    {
      "plan_index": 3,
      "n_object_boxels": 5,
      "n_shadow_boxels": 15,
      "n_free_space_boxels": 49
    },
    {
      "plan_index": 4,
      "n_object_boxels": 5,
      "n_shadow_boxels": 15,
      "n_free_space_boxels": 49
    }
  ],
  "n_object_boxels": 5,
  "n_shadow_boxels": 15,
  "n_free_space_boxels": 49,
  "boxel_volumes_object": [
    0.00332,
    0.000922,
    0.001218,
    0.000384,
    0.000107
  ],
  "boxel_volumes_shadow": [
    7.3e-05,
    7.9e-05,
    0.000951,
    0.000556,
    0.000143,
    3e-05,
    5e-06,
    2.5e-05,
    2.2e-05,
    9.5e-05,
    0.000647,
    0.00209,
    0.000714,
    0.001082,
    0.000212
  ],
  "boxel_volumes_free_space": [
    0.01,
    0.000937,
    0.0025,
    0.00125,
    0.000625,
    0.000156,
    0.000313,
    0.000156,
    0.000156,
    0.000625,
    0.000937,
    0.000313,
    0.000156,
    0.000156,
    0.000156,
    0.000313,
    0.000156,
    0.000156,
    7.8e-05,
    0.16,
    0.01,
    0.02,
    0.01,
    0.02,
    0.01,
    0.015,
    0.01,
    0.005,
    0.00375,
    0.001875,
    0.0025,
    0.00375,
    0.00125,
    0.00375,
    0.003125,
    0.000625,
    0.000625,
    0.000937,
    0.00125,
    0.000469,
    0.000312,
    0.000625,
    0.000625,
    0.000313,
    0.000156,
    0.000625,
    0.000156,
    0.000313,
    0.000313
  ],
  "n_init_state_facts": 989,
  "n_facts_by_predicate": {
    "blocks_view_at": 576,
    "Boxel": 71,
    "is_free_space": 49,
    "clear": 5,
    "handempty": 1,
    "obj_at_boxel": 6,
    "boxel_fits": 103,
    "obj_at_boxel_KIF": 114,
    "is_shadow": 15,
    "on_surface": 26,
    "on_table": 5,
    "Obj": 8,
    "is_object": 5,
    "obj_pose_known": 1,
    "at_config": 1,
    "is_tray": 1,
    "on": 1,
    "Config": 1
  },
  "wall_clock_s": 37.058
}