{
  "run_config": {
    "scene": "random-pairs",
    "n_occluders": 4,
    "n_targets": 2,
    "n_hidden": 1,
    "n_extra_distractors": 1,
    "n_objects": 3,
    "seed": 160,
    "goal": "find-and-tray-stack",
    "stack_height": 2,
    "unit_costs": false,
    "baseline": "semantic",
    "uniform_cell_size": 0.05,
    "min_boxel_size": 0.05,
    "gui": false,
    "boxel_viz": true,
    "show_free": false,
    "log_level": "quiet",
    "effective_min_boxel_size": 0.05
  },
  "success": true,
  "exit_reason": null,
  "plan_count": 2,
  "n_sense_actions": 1,
  "total_planning_time_s": 25.339,
  "per_call_planning_time_s": [
    8.908,
    16.431
  ],
  "physical_failures_per_action": [],
  "physical_failures_at_goal": [],
  "boxel_counts_per_replan": [
    {
      "plan_index": 1,
      "n_object_boxels": 6,
      "n_shadow_boxels": 14,
      "n_free_space_boxels": 38
    },
    {
      "plan_index": 2,
      "n_object_boxels": 6,
      "n_shadow_boxels": 14,
      "n_free_space_boxels": 38
    }
  ],
  "n_object_boxels": 7,
  "n_shadow_boxels": 14,
  "n_free_space_boxels": 37,
  "boxel_volumes_object": [
    0.00332,
    0.001072,
    0.000339,
    0.000365,
    0.000332,
    0.000138,
    0.000119
  ],
  "boxel_volumes_shadow": [
    0.000512,
    0.000663,
    0.000173,
    0.000427,
    0.000495,
    8e-06,
    0.000585,
    0.000811,
    0.000133,
    0.000182,
    0.000769,
    0.000932,
    0.000195,
    1.5e-05
  ],
  "boxel_volumes_free_space": [
    0.08,
    0.08,
    0.04,
    0.02,
    0.01,
    0.01,
    0.015,
    0.01,
    0.01,
    0.0075,
    0.0025,
    0.00125,
    0.00125,
    0.000625,
    0.000937,
    0.000625,
    0.000625,
    0.000313,
    0.000313,
    0.000312,
    0.000625,
    0.000938,
    0.001875,
    0.000312,
    0.000156,
    0.000312,
    0.000313,
    0.000312,
    7.8e-05,
    0.000312,
    0.000625,
    0.001406,
    0.000625,
    0.001172,
    0.000938,
    0.000469,
    7.8e-05
  ],
  "n_init_state_facts": 828,
  "n_facts_by_predicate": {
    "blocks_view_at": 464,
    "on_table": 6,
    "is_shadow": 14,
    "Boxel": 59,
    "obj_at_boxel": 7,
    "on_surface": 18,
    "obj_at_boxel_KIF": 95,
    "boxel_fits": 100,
    "is_free_space": 38,
    "Obj": 9,
    "is_object": 6,
    "clear": 6,
    "Config": 1,
    "on": 1,
    "handempty": 1,
    "at_config": 1,
    "obj_pose_known": 1,
    "is_tray": 1
  },
  "wall_clock_s": 30.467
}