{
  "run_config": {
    "scene": "random-pairs",
    "n_occluders": 4,
    "n_targets": 3,
    "n_hidden": 2,
    "n_extra_distractors": 1,
    "n_objects": 3,
    "seed": 142,
    "goal": "find-and-tray-stack",
    "stack_height": 2,
    "unit_costs": false,
    "baseline": "semantic",
    "uniform_cell_size": 0.05,
    "min_boxel_size": 0.05,
    "gui": false,
    "boxel_viz": true,
    "show_free": false,
    "log_level": "quiet",
    "effective_min_boxel_size": 0.05
  },
  "success": false,
  "exit_reason": "planner_failed",
  "plan_count": 4,
  "n_sense_actions": 1,
  "total_planning_time_s": 52.689,
  "per_call_planning_time_s": [
    15.665,
    18.925,
    14.559,
    3.54
  ],
  "physical_failures_per_action": [],
  "physical_failures_at_goal": [],
  "boxel_counts_per_replan": [
    {
      "plan_index": 1,
      "n_object_boxels": 6,
      "n_shadow_boxels": 17,
      "n_free_space_boxels": 30
    },
    {
      "plan_index": 2,
      "n_object_boxels": 6,
      "n_shadow_boxels": 17,
      "n_free_space_boxels": 30
    },
    {
      "plan_index": 3,
      "n_object_boxels": 6,
      "n_shadow_boxels": 22,
      "n_free_space_boxels": 32
    },
    {
      "plan_index": 4,
      "n_object_boxels": 6,
      "n_shadow_boxels": 22,
      "n_free_space_boxels": 32
    }
  ],
  "n_object_boxels": 6,
  "n_shadow_boxels": 22,
  "n_free_space_boxels": 32,
  "boxel_volumes_object": [
    0.00332,
    0.001166,
    0.001493,
    0.001008,
    0.000738,
    0.000417
  ],
  "boxel_volumes_shadow": [
    0.000624,
    9.3e-05,
    1e-05,
    0.000559,
    0.000386,
    0.000272,
    0.000302,
    0.000111,
    7e-06,
    0.000329,
    4.1e-05,
    1.9e-05,
    0.000177,
    0.000243,
    0.002601,
    0.000378,
    0.00053,
    0.005776,
    0.002069,
    0.0019,
    1.5e-05,
    4.4e-05
  ],
  "boxel_volumes_free_space": [
    0.16,
    0.04,
    0.02,
    0.005,
    0.02,
    0.01,
    0.005,
    0.00125,
    0.00875,
    0.005,
    0.001875,
    0.0025,
    0.0025,
    0.000625,
    0.000469,
    0.001172,
    0.000703,
    0.000469,
    0.000625,
    0.000156,
    0.000156,
    0.000937,
    0.000312,
    0.000938,
    0.000156,
    0.000156,
    0.000469,
    0.000313,
    0.000938,
    0.000313,
    0.000469,
    7.8e-05
  ],
  "n_init_state_facts": 734,
  "n_facts_by_predicate": {
    "blocks_view_at": 425,
    "boxel_fits": 54,
    "on_surface": 16,
    "Boxel": 62,
    "obj_at_boxel_KIF": 83,
    "obj_at_boxel": 7,
    "is_free_space": 32,
    "obj_pose_known": 1,
    "Obj": 9,
    "on_table": 6,
    "is_object": 6,
    "on": 1,
    "is_shadow": 22,
    "is_tray": 1,
    "clear": 6,
    "Config": 1,
    "at_config": 1,
    "handempty": 1
  },
  "wall_clock_s": 69.482
}