{
  "run_config": {
    "scene": "random-pairs",
    "n_occluders": 4,
    "n_targets": 3,
    "n_hidden": 2,
    "n_extra_distractors": 1,
    "n_objects": 3,
    "seed": 305,
    "goal": "find-and-tray-stack",
    "stack_height": 2,
    "unit_costs": false,
    "baseline": "semantic",
    "uniform_cell_size": 0.05,
    "min_boxel_size": null,
    "gui": false,
    "boxel_viz": true,
    "show_free": false,
    "log_level": "quiet",
    "effective_min_boxel_size": 0.0955
  },
  "success": true,
  "exit_reason": null,
  "plan_count": 1,
  "n_sense_actions": 1,
  "total_planning_time_s": 7.602,
  "per_call_planning_time_s": [
    7.602
  ],
  "physical_failures_per_action": [],
  "physical_failures_at_goal": [],
  "boxel_counts_per_replan": [
    {
      "plan_index": 1,
      "n_object_boxels": 6,
      "n_shadow_boxels": 14,
      "n_free_space_boxels": 37
    }
  ],
  "n_object_boxels": 7,
  "n_shadow_boxels": 14,
  "n_free_space_boxels": 36,
  "boxel_volumes_object": [
    0.00332,
    0.00027,
    0.00109,
    0.000768,
    0.000383,
    0.000186,
    0.000244
  ],
  "boxel_volumes_shadow": [
    0.000498,
    0.000632,
    0.00037,
    2.4e-05,
    7e-06,
    0.000345,
    7e-06,
    8.3e-05,
    4e-06,
    0.000418,
    0.000563,
    0.000548,
    0.000174,
    0.000249
  ],
  "boxel_volumes_free_space": [
    0.12,
    0.16,
    0.0025,
    0.000625,
    0.000625,
    0.0025,
    0.001875,
    0.001406,
    0.000469,
    0.000469,
    0.000625,
    0.000469,
    0.000313,
    0.000312,
    0.000937,
    0.00125,
    0.000937,
    0.000469,
    0.000313,
    0.000313,
    0.000156,
    0.000156,
    0.000625,
    0.000313,
    0.000156,
    0.000156,
    0.000234,
    0.000156,
    0.000469,
    0.000703,
    0.000313,
    0.000625,
    0.000312,
    0.000156,
    0.000156,
    0.000156
  ],
  "n_init_state_facts": 658,
  "n_facts_by_predicate": {
    "obj_at_boxel_KIF": 93,
    "blocks_view_at": 344,
    "Boxel": 58,
    "is_free_space": 37,
    "is_object": 6,
    "on_table": 7,
    "boxel_fits": 53,
    "Config": 1,
    "on_surface": 18,
    "obj_at_boxel": 7,
    "Obj": 9,
    "is_shadow": 14,
    "at_config": 1,
    "handempty": 1,
    "clear": 7,
    "obj_pose_known": 1,
    "is_tray": 1
  },
  "wall_clock_s": 12.797
}