{
  "run_config": {
    "scene": "random-pairs",
    "n_occluders": 4,
    "n_targets": 2,
    "n_hidden": 1,
    "n_extra_distractors": 1,
    "n_objects": 3,
    "seed": 96,
    "goal": "find-and-tray-stack",
    "stack_height": 2,
    "unit_costs": false,
    "baseline": "semantic",
    "uniform_cell_size": 0.05,
    "min_boxel_size": null,
    "gui": false,
    "boxel_viz": true,
    "show_free": false,
    "log_level": "quiet",
    "effective_min_boxel_size": 0.0973
  },
  "success": true,
  "exit_reason": null,
  "plan_count": 1,
  "n_sense_actions": 1,
  "total_planning_time_s": 5.134,
  "per_call_planning_time_s": [
    5.134
  ],
  "physical_failures_per_action": [],
  "physical_failures_at_goal": [],
  "boxel_counts_per_replan": [
    {
      "plan_index": 1,
      "n_object_boxels": 6,
      "n_shadow_boxels": 14,
      "n_free_space_boxels": 40
    }
  ],
  "n_object_boxels": 7,
  "n_shadow_boxels": 14,
  "n_free_space_boxels": 39,
  "boxel_volumes_object": [
    0.00332,
    0.000293,
    0.000689,
    0.000604,
    0.000661,
    7.4e-05,
    0.000136
  ],
  "boxel_volumes_shadow": [
    0.000346,
    4.9e-05,
    0.001279,
    0.000364,
    9.7e-05,
    0.000327,
    2e-06,
    5e-06,
    1e-05,
    0.000745,
    0.001099,
    6e-05,
    6.7e-05,
    0.001107
  ],
  "boxel_volumes_free_space": [
    0.12,
    0.16,
    0.0025,
    0.0025,
    0.001875,
    0.000625,
    0.000625,
    0.001875,
    0.000312,
    0.000469,
    0.000313,
    0.000312,
    0.000469,
    0.000625,
    0.000469,
    0.000625,
    0.000156,
    0.00125,
    0.000313,
    0.000469,
    0.000312,
    0.000312,
    0.000312,
    0.000156,
    0.000313,
    0.000938,
    0.000156,
    0.000313,
    0.000625,
    0.000313,
    0.000469,
    0.000625,
    0.000156,
    0.000156,
    0.000156,
    0.000156,
    0.000313,
    0.000625,
    0.000313
  ],
  "n_init_state_facts": 728,
  "n_facts_by_predicate": {
    "blocks_view_at": 401,
    "on_table": 7,
    "obj_at_boxel_KIF": 99,
    "is_shadow": 14,
    "on_surface": 16,
    "Boxel": 61,
    "boxel_fits": 56,
    "is_tray": 1,
    "clear": 7,
    "is_free_space": 40,
    "handempty": 1,
    "Obj": 9,
    "is_object": 6,
    "obj_at_boxel": 7,
    "Config": 1,
    "obj_pose_known": 1,
    "at_config": 1
  },
  "wall_clock_s": 9.967
}