{
  "run_config": {
    "scene": "random-pairs",
    "n_occluders": 4,
    "n_targets": 5,
    "n_hidden": 4,
    "n_extra_distractors": 1,
    "n_objects": 3,
    "seed": 89,
    "goal": "find-and-tray-stack",
    "stack_height": 2,
    "unit_costs": false,
    "baseline": "semantic",
    "uniform_cell_size": 0.05,
    "min_boxel_size": null,
    "gui": false,
    "boxel_viz": true,
    "show_free": false,
    "log_level": "quiet",
    "effective_min_boxel_size": 0.085
  },
  "success": true,
  "exit_reason": null,
  "plan_count": 3,
  "n_sense_actions": 3,
  "total_planning_time_s": 29.863,
  "per_call_planning_time_s": [
    8.634,
    9.365,
    11.864
  ],
  "physical_failures_per_action": [],
  "physical_failures_at_goal": [],
  "boxel_counts_per_replan": [
    {
      "plan_index": 1,
      "n_object_boxels": 6,
      "n_shadow_boxels": 11,
      "n_free_space_boxels": 29
    },
    {
      "plan_index": 2,
      "n_object_boxels": 7,
      "n_shadow_boxels": 12,
      "n_free_space_boxels": 33
    },
    {
      "plan_index": 3,
      "n_object_boxels": 8,
      "n_shadow_boxels": 13,
      "n_free_space_boxels": 45
    }
  ],
  "n_object_boxels": 9,
  "n_shadow_boxels": 13,
  "n_free_space_boxels": 44,
  "boxel_volumes_object": [
    0.00332,
    0.000426,
    0.000311,
    0.000319,
    0.000249,
    7.2e-05,
    0.000118,
    6.6e-05,
    7.7e-05
  ],
  "boxel_volumes_shadow": [
    0.000491,
    0.000139,
    0.000218,
    0.000174,
    7.7e-05,
    0.000102,
    0.000593,
    0.000419,
    0.000547,
    0.000184,
    0.000219,
    8.9e-05,
    0.000127
  ],
  "boxel_volumes_free_space": [
    0.08,
    0.16,
    0.01,
    0.03,
    0.005,
    0.001875,
    0.000312,
    0.000469,
    0.000234,
    0.000313,
    0.000156,
    0.000938,
    0.000312,
    0.000469,
    0.000312,
    0.000312,
    0.000469,
    0.001875,
    0.00125,
    0.00125,
    0.000625,
    0.000625,
    0.000156,
    0.000625,
    0.000156,
    0.000312,
    0.000313,
    0.000313,
    0.000156,
    0.000156,
    7.8e-05,
    0.000156,
    0.000625,
    0.000156,
    0.000156,
    0.000625,
    0.000469,
    0.000156,
    0.000156,
    7.8e-05,
    0.000312,
    0.000156,
    0.000156,
    0.001563
  ],
  "n_init_state_facts": 1217,
  "n_facts_by_predicate": {
    "boxel_fits": 150,
    "blocks_view_at": 757,
    "Boxel": 69,
    "is_free_space": 45,
    "obj_at_boxel_KIF": 115,
    "on_surface": 18,
    "is_object": 8,
    "Obj": 11,
    "on_table": 8,
    "is_tray": 1,
    "on": 1,
    "is_shadow": 13,
    "clear": 8,
    "obj_pose_known": 1,
    "obj_at_boxel": 9,
    "handempty": 1,
    "at_config": 1,
    "Config": 1
  },
  "wall_clock_s": 35.64
}