{
  "run_config": {
    "scene": "random-pairs",
    "n_occluders": 4,
    "n_targets": 2,
    "n_hidden": 1,
    "n_extra_distractors": 1,
    "n_objects": 3,
    "seed": 221,
    "goal": "find-and-tray-stack",
    "stack_height": 2,
    "unit_costs": false,
    "baseline": "semantic",
    "uniform_cell_size": 0.05,
    "min_boxel_size": null,
    "gui": false,
    "boxel_viz": true,
    "show_free": false,
    "log_level": "quiet",
    "effective_min_boxel_size": 0.0989
  },
  "success": true,
  "exit_reason": null,
  "plan_count": 2,
  "n_sense_actions": 1,
  "total_planning_time_s": 8.734,
  "per_call_planning_time_s": [
    4.773,
    3.962
  ],
  "physical_failures_per_action": [],
  "physical_failures_at_goal": [],
  "boxel_counts_per_replan": [
    {
      "plan_index": 1,
      "n_object_boxels": 6,
      "n_shadow_boxels": 11,
      "n_free_space_boxels": 48
    },
    {
      "plan_index": 2,
      "n_object_boxels": 6,
      "n_shadow_boxels": 11,
      "n_free_space_boxels": 48
    }
  ],
  "n_object_boxels": 7,
  "n_shadow_boxels": 11,
  "n_free_space_boxels": 47,
  "boxel_volumes_object": [
    0.00332,
    0.00047,
    0.000875,
    0.000439,
    0.000366,
    7.7e-05,
    0.000178
  ],
  "boxel_volumes_shadow": [
    0.000332,
    0.000442,
    0.000966,
    0.001502,
    0.000197,
    9e-06,
    0.000258,
    0.000114,
    0.000129,
    0.000574,
    0.000765
  ],
  "boxel_volumes_free_space": [
    0.12,
    0.08,
    0.06,
    0.01,
    0.0025,
    0.00125,
    0.0025,
    0.0025,
    0.002188,
    0.0025,
    0.0025,
    0.00125,
    0.001562,
    0.000781,
    0.000469,
    0.000313,
    0.000313,
    0.001406,
    0.000313,
    0.000469,
    0.000469,
    0.000312,
    0.000156,
    0.000625,
    0.000625,
    0.000156,
    0.000313,
    0.000156,
    0.000312,
    0.000156,
    0.000156,
    0.000312,
    0.000469,
    0.000234,
    0.000312,
    0.000469,
    0.000156,
    0.000781,
    0.000156,
    0.000313,
    0.000156,
    0.000313,
    0.000234,
    0.000625,
    0.000156,
    0.000234,
    0.000156
  ],
  "n_init_state_facts": 748,
  "n_facts_by_predicate": {
    "obj_at_boxel_KIF": 115,
    "blocks_view_at": 365,
    "on_table": 6,
    "boxel_fits": 85,
    "Config": 1,
    "Boxel": 66,
    "obj_at_boxel": 7,
    "is_free_space": 48,
    "on": 1,
    "Obj": 9,
    "on_surface": 18,
    "clear": 6,
    "is_object": 6,
    "is_shadow": 11,
    "at_config": 1,
    "obj_pose_known": 1,
    "handempty": 1,
    "is_tray": 1
  },
  "wall_clock_s": 13.615
}