{
  "run_config": {
    "scene": "random-pairs",
    "n_occluders": 4,
    "n_targets": 2,
    "n_hidden": 1,
    "n_extra_distractors": 1,
    "n_objects": 3,
    "seed": 160,
    "goal": "find-and-tray-stack",
    "stack_height": 2,
    "unit_costs": false,
    "baseline": "semantic",
    "uniform_cell_size": 0.05,
    "min_boxel_size": null,
    "gui": false,
    "boxel_viz": true,
    "show_free": false,
    "log_level": "quiet",
    "effective_min_boxel_size": 0.095
  },
  "success": true,
  "exit_reason": null,
  "plan_count": 4,
  "n_sense_actions": 2,
  "total_planning_time_s": 50.042,
  "per_call_planning_time_s": [
    9.184,
    22.754,
    13.153,
    4.951
  ],
  "physical_failures_per_action": [],
  "physical_failures_at_goal": [],
  "boxel_counts_per_replan": [
    {
      "plan_index": 1,
      "n_object_boxels": 6,
      "n_shadow_boxels": 14,
      "n_free_space_boxels": 38
    },
    {
      "plan_index": 2,
      "n_object_boxels": 6,
      "n_shadow_boxels": 14,
      "n_free_space_boxels": 38
    },
    {
      "plan_index": 3,
      "n_object_boxels": 6,
      "n_shadow_boxels": 13,
      "n_free_space_boxels": 41
    },
    {
      "plan_index": 4,
      "n_object_boxels": 7,
      "n_shadow_boxels": 13,
      "n_free_space_boxels": 41
    }
  ],
  "n_object_boxels": 7,
  "n_shadow_boxels": 13,
  "n_free_space_boxels": 41,
  "boxel_volumes_object": [
    0.00332,
    0.000615,
    0.000339,
    0.000433,
    0.000359,
    0.000134,
    0.000122
  ],
  "boxel_volumes_shadow": [
    0.000512,
    0.000663,
    0.000173,
    0.000495,
    8e-06,
    0.000585,
    0.000811,
    0.000133,
    0.000182,
    0.000769,
    0.000932,
    0.000195,
    1.5e-05
  ],
  "boxel_volumes_free_space": [
    0.08,
    0.08,
    0.04,
    0.02,
    0.01,
    0.01,
    0.015,
    0.01,
    0.01,
    0.0025,
    0.000937,
    0.000625,
    0.000625,
    0.000312,
    0.001172,
    0.005,
    0.00375,
    0.000625,
    0.000313,
    0.000625,
    0.000625,
    0.000625,
    0.00125,
    0.000938,
    0.000938,
    0.000625,
    0.000156,
    0.00125,
    0.000313,
    0.000312,
    0.001094,
    0.000156,
    0.000156,
    0.000469,
    0.000781,
    0.000625,
    0.000625,
    0.000156,
    0.000156,
    0.000937,
    0.000156
  ],
  "n_init_state_facts": 904,
  "n_facts_by_predicate": {
    "Boxel": 63,
    "blocks_view_at": 524,
    "is_free_space": 41,
    "is_shadow": 13,
    "boxel_fits": 96,
    "on_surface": 19,
    "Obj": 10,
    "obj_at_boxel": 8,
    "obj_at_boxel_KIF": 104,
    "on_table": 7,
    "is_object": 7,
    "handempty": 1,
    "clear": 7,
    "Config": 1,
    "is_tray": 1,
    "obj_pose_known": 1,
    "at_config": 1
  },
  "wall_clock_s": 55.417
}