{
  "run_config": {
    "scene": "random-pairs",
    "n_occluders": 3,
    "n_targets": 4,
    "n_hidden": 3,
    "n_extra_distractors": 1,
    "n_objects": 3,
    "seed": 190,
    "goal": "find-and-tray-stack",
    "stack_height": 2,
    "unit_costs": false,
    "baseline": "semantic",
    "uniform_cell_size": 0.05,
    "min_boxel_size": 0.05,
    "gui": false,
    "boxel_viz": true,
    "show_free": false,
    "log_level": "quiet",
    "effective_min_boxel_size": 0.05
  },
  "success": true,
  "exit_reason": null,
  "plan_count": 4,
  "n_sense_actions": 1,
  "total_planning_time_s": 12.356,
  "per_call_planning_time_s": [
    3.61,
    3.567,
    2.797,
    2.381
  ],
  "physical_failures_per_action": [
    {
      "action": "stack",
      "obj": "blue_object",
      "on": "yellow_object",
      "reason": "bottom_z=0.3649 not \u2248 top_z=0.3974 (\u0394=0.0326 > \u03b5=0.005)",
      "plan": 2
    }
  ],
  "physical_failures_at_goal": [],
  "boxel_counts_per_replan": [
    {
      "plan_index": 1,
      "n_object_boxels": 5,
      "n_shadow_boxels": 8,
      "n_free_space_boxels": 37
    },
    {
      "plan_index": 2,
      "n_object_boxels": 5,
      "n_shadow_boxels": 8,
      "n_free_space_boxels": 37
    },
    {
      "plan_index": 3,
      "n_object_boxels": 6,
      "n_shadow_boxels": 8,
      "n_free_space_boxels": 46
    },
    {
      "plan_index": 4,
      "n_object_boxels": 6,
      "n_shadow_boxels": 8,
      "n_free_space_boxels": 46
    }
  ],
  "n_object_boxels": 6,
  "n_shadow_boxels": 8,
  "n_free_space_boxels": 46,
  "boxel_volumes_object": [
    0.00332,
    0.000591,
    0.000516,
    0.000507,
    0.000157,
    0.000197
  ],
  "boxel_volumes_shadow": [
    0.000658,
    0.001018,
    0.000589,
    0.000862,
    0.000628,
    0.000805,
    0.000189,
    0.000244
  ],
  "boxel_volumes_free_space": [
    0.08,
    0.01,
    0.0025,
    0.003125,
    0.00125,
    0.0025,
    0.0025,
    0.001875,
    0.0025,
    0.000937,
    0.000469,
    0.000312,
    0.08,
    0.04,
    0.02,
    0.005,
    0.015,
    0.01,
    0.0025,
    0.0025,
    0.00125,
    0.0025,
    0.00375,
    0.000938,
    0.000625,
    0.000469,
    0.000938,
    0.000625,
    0.000156,
    0.000469,
    0.000469,
    0.000312,
    0.000156,
    0.000156,
    0.000312,
    0.000156,
    0.001094,
    0.000312,
    0.000625,
    0.001172,
    0.000937,
    0.000469,
    0.000625,
    0.000625,
    0.000625,
    0.000469
  ],
  "n_init_state_facts": 814,
  "n_facts_by_predicate": {
    "obj_at_boxel_KIF": 111,
    "blocks_view_at": 429,
    "on_table": 5,
    "boxel_fits": 97,
    "at_config": 1,
    "is_free_space": 46,
    "Boxel": 62,
    "on_surface": 23,
    "is_shadow": 8,
    "obj_at_boxel": 7,
    "clear": 5,
    "Obj": 9,
    "is_object": 6,
    "handempty": 1,
    "is_tray": 1,
    "obj_pose_known": 1,
    "on": 1,
    "Config": 1
  },
  "wall_clock_s": 18.265
}