{
  "run_config": {
    "scene": "random-pairs",
    "n_occluders": 4,
    "n_targets": 3,
    "n_hidden": 2,
    "n_extra_distractors": 1,
    "n_objects": 3,
    "seed": 163,
    "goal": "find-and-tray-stack",
    "stack_height": 2,
    "unit_costs": false,
    "baseline": "semantic",
    "uniform_cell_size": 0.05,
    "min_boxel_size": null,
    "gui": false,
    "boxel_viz": true,
    "show_free": false,
    "log_level": "quiet",
    "effective_min_boxel_size": 0.0907
  },
  "success": false,
  "exit_reason": "planner_failed",
  "plan_count": 4,
  "n_sense_actions": 2,
  "total_planning_time_s": 24.455,
  "per_call_planning_time_s": [
    4.624,
    6.585,
    11.623,
    1.623
  ],
  "physical_failures_per_action": [],
  "physical_failures_at_goal": [],
  "boxel_counts_per_replan": [
    {
      "plan_index": 1,
      "n_object_boxels": 5,
      "n_shadow_boxels": 10,
      "n_free_space_boxels": 28
    },
    {
      "plan_index": 2,
      "n_object_boxels": 5,
      "n_shadow_boxels": 10,
      "n_free_space_boxels": 28
    },
    {
      "plan_index": 3,
      "n_object_boxels": 5,
      "n_shadow_boxels": 10,
      "n_free_space_boxels": 28
    },
    {
      "plan_index": 4,
      "n_object_boxels": 5,
      "n_shadow_boxels": 10,
      "n_free_space_boxels": 48
    }
  ],
  "n_object_boxels": 5,
  "n_shadow_boxels": 10,
  "n_free_space_boxels": 48,
  "boxel_volumes_object": [
    0.00332,
    0.000597,
    0.00041,
    0.000422,
    0.000152
  ],
  "boxel_volumes_shadow": [
    0.000461,
    0.000172,
    0.000165,
    0.00057,
    0.000891,
    0.000722,
    0.00092,
    0.000178,
    3.8e-05,
    0.000178
  ],
  "boxel_volumes_free_space": [
    0.08,
    0.08,
    0.06,
    0.02,
    0.01,
    0.00125,
    0.00125,
    0.0025,
    0.0025,
    0.000938,
    0.000313,
    0.000469,
    0.000313,
    0.000313,
    0.000156,
    0.000625,
    0.01,
    0.0075,
    0.01,
    0.001875,
    0.00375,
    0.00125,
    0.00125,
    0.0025,
    0.00125,
    0.000625,
    0.000156,
    0.000312,
    0.000156,
    0.000156,
    0.000313,
    0.000312,
    0.000469,
    0.000156,
    0.000313,
    0.000156,
    0.000156,
    7.8e-05,
    0.000313,
    0.000234,
    0.000156,
    0.000234,
    0.000625,
    0.000156,
    0.000625,
    0.000156,
    0.000234,
    0.000156
  ],
  "n_init_state_facts": 642,
  "n_facts_by_predicate": {
    "blocks_view_at": 275,
    "handempty": 1,
    "obj_at_boxel_KIF": 112,
    "boxel_fits": 76,
    "on_surface": 21,
    "is_object": 5,
    "Boxel": 65,
    "clear": 5,
    "is_free_space": 48,
    "is_shadow": 10,
    "on_table": 5,
    "obj_at_boxel": 6,
    "Obj": 8,
    "Config": 1,
    "at_config": 1,
    "on": 1,
    "is_tray": 1,
    "obj_pose_known": 1
  },
  "wall_clock_s": 29.55
}