{
  "run_config": {
    "scene": "random-pairs",
    "n_occluders": 3,
    "n_targets": 4,
    "n_hidden": 3,
    "n_extra_distractors": 1,
    "n_objects": 3,
    "seed": 304,
    "goal": "find-and-tray-stack",
    "stack_height": 2,
    "unit_costs": false,
    "baseline": "semantic",
    "uniform_cell_size": 0.05,
    "min_boxel_size": null,
    "gui": false,
    "boxel_viz": true,
    "show_free": false,
    "log_level": "quiet",
    "effective_min_boxel_size": 0.0982
  },
  "success": true,
  "exit_reason": null,
  "plan_count": 4,
  "n_sense_actions": 2,
  "total_planning_time_s": 20.35,
  "per_call_planning_time_s": [
    5.056,
    3.169,
    7.457,
    4.668
  ],
  "physical_failures_per_action": [],
  "physical_failures_at_goal": [],
  "boxel_counts_per_replan": [
    {
      "plan_index": 1,
      "n_object_boxels": 5,
      "n_shadow_boxels": 10,
      "n_free_space_boxels": 28
    },
    {
      "plan_index": 2,
      "n_object_boxels": 5,
      "n_shadow_boxels": 10,
      "n_free_space_boxels": 28
    },
    {
      "plan_index": 3,
      "n_object_boxels": 6,
      "n_shadow_boxels": 11,
      "n_free_space_boxels": 45
    },
    {
      "plan_index": 4,
      "n_object_boxels": 6,
      "n_shadow_boxels": 11,
      "n_free_space_boxels": 45
    }
  ],
  "n_object_boxels": 7,
  "n_shadow_boxels": 11,
  "n_free_space_boxels": 44,
  "boxel_volumes_object": [
    0.00332,
    0.000384,
    0.000614,
    0.00089,
    0.000123,
    9.5e-05,
    0.000101
  ],
  "boxel_volumes_shadow": [
    0.00078,
    0.00115,
    0.001504,
    0.000382,
    0.000109,
    0.000617,
    0.000149,
    9e-05,
    2.9e-05,
    9.1e-05,
    0.000105
  ],
  "boxel_volumes_free_space": [
    0.00125,
    0.00125,
    0.0025,
    0.000703,
    0.000156,
    0.000312,
    0.000156,
    0.000469,
    0.16,
    0.01,
    0.02,
    0.015,
    0.02,
    0.01,
    0.01,
    0.01,
    0.02,
    0.0025,
    0.00125,
    0.00125,
    0.001875,
    0.0025,
    0.00125,
    0.0025,
    0.000625,
    0.000469,
    0.000469,
    0.00125,
    0.000312,
    0.000469,
    0.000313,
    0.000313,
    0.000312,
    0.000938,
    0.000625,
    0.000156,
    0.000469,
    0.000625,
    0.000313,
    0.000156,
    0.000938,
    0.000937,
    0.000937,
    7.8e-05
  ],
  "n_init_state_facts": 884,
  "n_facts_by_predicate": {
    "is_free_space": 45,
    "blocks_view_at": 443,
    "obj_at_boxel_KIF": 109,
    "boxel_fits": 149,
    "obj_at_boxel": 7,
    "Boxel": 64,
    "handempty": 1,
    "is_shadow": 11,
    "is_object": 6,
    "on_surface": 23,
    "at_config": 1,
    "Obj": 9,
    "clear": 6,
    "on_table": 6,
    "Config": 1,
    "on": 1,
    "is_tray": 1,
    "obj_pose_known": 1
  },
  "wall_clock_s": 26.342
}