{
  "run_config": {
    "scene": "random-pairs",
    "n_occluders": 4,
    "n_targets": 2,
    "n_hidden": 1,
    "n_extra_distractors": 1,
    "n_objects": 3,
    "seed": 199,
    "goal": "find-and-tray-stack",
    "stack_height": 2,
    "unit_costs": false,
    "baseline": "semantic",
    "uniform_cell_size": 0.05,
    "min_boxel_size": null,
    "gui": false,
    "boxel_viz": true,
    "show_free": false,
    "log_level": "quiet",
    "effective_min_boxel_size": 0.0995
  },
  "success": true,
  "exit_reason": null,
  "plan_count": 2,
  "n_sense_actions": 1,
  "total_planning_time_s": 18.474,
  "per_call_planning_time_s": [
    11.953,
    6.521
  ],
  "physical_failures_per_action": [],
  "physical_failures_at_goal": [],
  "boxel_counts_per_replan": [
    {
      "plan_index": 1,
      "n_object_boxels": 6,
      "n_shadow_boxels": 13,
      "n_free_space_boxels": 39
    },
    {
      "plan_index": 2,
      "n_object_boxels": 6,
      "n_shadow_boxels": 13,
      "n_free_space_boxels": 39
    }
  ],
  "n_object_boxels": 7,
  "n_shadow_boxels": 13,
  "n_free_space_boxels": 38,
  "boxel_volumes_object": [
    0.00332,
    0.000506,
    0.000835,
    0.000374,
    0.001077,
    0.000172,
    0.000193
  ],
  "boxel_volumes_shadow": [
    0.000755,
    0.001085,
    0.000951,
    0.000556,
    0.00071,
    0.000647,
    0.00209,
    7.8e-05,
    1.6e-05,
    7.8e-05,
    0.000714,
    0.001082,
    0.000212
  ],
  "boxel_volumes_free_space": [
    0.08,
    0.08,
    0.04,
    0.03,
    0.005,
    0.02,
    0.01,
    0.005,
    0.003125,
    0.0025,
    0.00125,
    0.000625,
    0.000937,
    0.0025,
    0.00125,
    0.000625,
    0.000469,
    0.000937,
    0.00125,
    0.000625,
    0.000156,
    0.000313,
    0.000156,
    0.000469,
    0.001406,
    0.000156,
    0.000625,
    0.000937,
    0.000625,
    0.000313,
    0.000156,
    0.000156,
    0.000156,
    0.000156,
    0.000313,
    0.000156,
    0.000156,
    7.8e-05
  ],
  "n_init_state_facts": 797,
  "n_facts_by_predicate": {
    "blocks_view_at": 446,
    "obj_at_boxel_KIF": 97,
    "is_free_space": 39,
    "Boxel": 59,
    "boxel_fits": 86,
    "on_surface": 17,
    "is_shadow": 13,
    "at_config": 1,
    "clear": 6,
    "obj_at_boxel": 7,
    "is_tray": 1,
    "on_table": 6,
    "Obj": 9,
    "is_object": 6,
    "on": 1,
    "handempty": 1,
    "Config": 1,
    "obj_pose_known": 1
  },
  "wall_clock_s": 23.781
}