{
  "run_config": {
    "scene": "random-pairs",
    "n_occluders": 4,
    "n_targets": 4,
    "n_hidden": 3,
    "n_extra_distractors": 1,
    "n_objects": 3,
    "seed": 264,
    "goal": "find-and-tray-stack",
    "stack_height": 2,
    "unit_costs": false,
    "baseline": "semantic",
    "uniform_cell_size": 0.05,
    "min_boxel_size": 0.05,
    "gui": false,
    "boxel_viz": true,
    "show_free": false,
    "log_level": "quiet",
    "effective_min_boxel_size": 0.05
  },
  "success": false,
  "exit_reason": "planner_failed",
  "plan_count": 3,
  "n_sense_actions": 1,
  "total_planning_time_s": 12.032,
  "per_call_planning_time_s": [
    4.513,
    5.225,
    2.294
  ],
  "physical_failures_per_action": [],
  "physical_failures_at_goal": [],
  "boxel_counts_per_replan": [
    {
      "plan_index": 1,
      "n_object_boxels": 6,
      "n_shadow_boxels": 12,
      "n_free_space_boxels": 27
    },
    {
      "plan_index": 2,
      "n_object_boxels": 7,
      "n_shadow_boxels": 13,
      "n_free_space_boxels": 37
    },
    {
      "plan_index": 3,
      "n_object_boxels": 7,
      "n_shadow_boxels": 13,
      "n_free_space_boxels": 37
    }
  ],
  "n_object_boxels": 7,
  "n_shadow_boxels": 13,
  "n_free_space_boxels": 37,
  "boxel_volumes_object": [
    0.00332,
    0.000865,
    0.000331,
    0.000465,
    0.000231,
    0.00012,
    0.000125
  ],
  "boxel_volumes_shadow": [
    0.000276,
    5e-06,
    0.000404,
    0.00035,
    0.000342,
    2.4e-05,
    1.4e-05,
    0.000878,
    0.000803,
    0.000974,
    0.000169,
    0.000184,
    0.000228
  ],
  "boxel_volumes_free_space": [
    0.12,
    0.16,
    0.005,
    0.00375,
    0.002188,
    0.000469,
    0.000625,
    0.000156,
    0.000469,
    0.000312,
    0.000625,
    0.000625,
    0.000156,
    0.000547,
    0.000313,
    0.000469,
    0.000938,
    0.000313,
    0.000625,
    0.000234,
    0.00125,
    0.00125,
    0.00125,
    0.001875,
    0.000156,
    0.000469,
    0.000156,
    0.000937,
    0.000156,
    0.000156,
    0.000469,
    0.000313,
    0.000156,
    0.000156,
    0.000312,
    0.000156,
    7.8e-05
  ],
  "n_init_state_facts": 828,
  "n_facts_by_predicate": {
    "blocks_view_at": 475,
    "is_free_space": 37,
    "boxel_fits": 87,
    "on_surface": 16,
    "Boxel": 59,
    "obj_at_boxel_KIF": 96,
    "clear": 7,
    "Obj": 10,
    "is_shadow": 13,
    "is_object": 7,
    "on_table": 7,
    "obj_pose_known": 1,
    "obj_at_boxel": 8,
    "handempty": 1,
    "on": 1,
    "is_tray": 1,
    "Config": 1,
    "at_config": 1
  },
  "wall_clock_s": 17.64
}