{
  "run_config": {
    "scene": "random-pairs",
    "n_occluders": 4,
    "n_targets": 3,
    "n_hidden": 2,
    "n_extra_distractors": 1,
    "n_objects": 3,
    "seed": 19,
    "goal": "find-and-tray-stack",
    "stack_height": 2,
    "unit_costs": false,
    "baseline": "semantic",
    "uniform_cell_size": 0.05,
    "min_boxel_size": 0.05,
    "gui": false,
    "boxel_viz": true,
    "show_free": false,
    "log_level": "quiet",
    "effective_min_boxel_size": 0.05
  },
  "success": false,
  "exit_reason": "planner_failed",
  "plan_count": 4,
  "n_sense_actions": 3,
  "total_planning_time_s": 33.647,
  "per_call_planning_time_s": [
    9.681,
    15.815,
    5.313,
    2.838
  ],
  "physical_failures_per_action": [],
  "physical_failures_at_goal": [],
  "boxel_counts_per_replan": [
    {
      "plan_index": 1,
      "n_object_boxels": 6,
      "n_shadow_boxels": 12,
      "n_free_space_boxels": 30
    },
    {
      "plan_index": 2,
      "n_object_boxels": 6,
      "n_shadow_boxels": 12,
      "n_free_space_boxels": 30
    },
    {
      "plan_index": 3,
      "n_object_boxels": 7,
      "n_shadow_boxels": 13,
      "n_free_space_boxels": 22
    },
    {
      "plan_index": 4,
      "n_object_boxels": 7,
      "n_shadow_boxels": 12,
      "n_free_space_boxels": 36
    }
  ],
  "n_object_boxels": 7,
  "n_shadow_boxels": 12,
  "n_free_space_boxels": 36,
  "boxel_volumes_object": [
    0.00332,
    0.00025,
    0.001131,
    0.000307,
    0.000513,
    0.000131,
    7.1e-05
  ],
  "boxel_volumes_shadow": [
    0.000401,
    0.000613,
    0.000607,
    0.000379,
    0.000388,
    5e-06,
    0.000524,
    0.000487,
    0.000139,
    0.000191,
    0.00011,
    0.000132
  ],
  "boxel_volumes_free_space": [
    0.16,
    0.00125,
    0.000625,
    0.12,
    0.0025,
    0.00375,
    0.000625,
    0.000313,
    0.000938,
    0.000469,
    0.000938,
    0.000156,
    0.000625,
    0.001562,
    0.00125,
    0.000938,
    0.00125,
    0.000234,
    0.000312,
    0.000312,
    0.000469,
    0.000625,
    0.000391,
    0.000234,
    0.000313,
    0.000469,
    0.000625,
    0.000156,
    0.000469,
    0.000469,
    0.000625,
    0.000312,
    0.000312,
    0.000312,
    0.000312,
    0.000156
  ],
  "n_init_state_facts": 793,
  "n_facts_by_predicate": {
    "blocks_view_at": 453,
    "on_surface": 17,
    "boxel_fits": 76,
    "obj_at_boxel_KIF": 94,
    "is_free_space": 36,
    "on_table": 8,
    "is_shadow": 12,
    "clear": 8,
    "Boxel": 59,
    "Obj": 10,
    "is_object": 7,
    "obj_at_boxel": 8,
    "handempty": 1,
    "Config": 1,
    "at_config": 1,
    "obj_pose_known": 1,
    "is_tray": 1
  },
  "wall_clock_s": 44.481
}