{
  "run_config": {
    "scene": "random-pairs",
    "n_occluders": 4,
    "n_targets": 2,
    "n_hidden": 1,
    "n_extra_distractors": 1,
    "n_objects": 3,
    "seed": 203,
    "goal": "find-and-tray-stack",
    "stack_height": 2,
    "unit_costs": false,
    "baseline": "semantic",
    "uniform_cell_size": 0.05,
    "min_boxel_size": null,
    "gui": false,
    "boxel_viz": true,
    "show_free": false,
    "log_level": "quiet",
    "effective_min_boxel_size": 0.0954
  },
  "success": false,
  "exit_reason": "planner_failed",
  "plan_count": 4,
  "n_sense_actions": 0,
  "total_planning_time_s": 39.143,
  "per_call_planning_time_s": [
    6.359,
    14.418,
    16.372,
    1.993
  ],
  "physical_failures_per_action": [],
  "physical_failures_at_goal": [],
  "boxel_counts_per_replan": [
    {
      "plan_index": 1,
      "n_object_boxels": 6,
      "n_shadow_boxels": 18,
      "n_free_space_boxels": 28
    },
    {
      "plan_index": 2,
      "n_object_boxels": 6,
      "n_shadow_boxels": 18,
      "n_free_space_boxels": 28
    },
    {
      "plan_index": 3,
      "n_object_boxels": 6,
      "n_shadow_boxels": 18,
      "n_free_space_boxels": 28
    },
    {
      "plan_index": 4,
      "n_object_boxels": 6,
      "n_shadow_boxels": 18,
      "n_free_space_boxels": 38
    }
  ],
  "n_object_boxels": 6,
  "n_shadow_boxels": 18,
  "n_free_space_boxels": 38,
  "boxel_volumes_object": [
    0.00332,
    0.001389,
    0.000284,
    0.000545,
    0.000528,
    9.3e-05
  ],
  "boxel_volumes_shadow": [
    0.000663,
    0.000191,
    5.6e-05,
    0.000387,
    0.000544,
    0.000491,
    0.001113,
    8e-06,
    8.1e-05,
    4.4e-05,
    3.3e-05,
    0.000817,
    6.4e-05,
    1.8e-05,
    0.002004,
    0.000155,
    3.6e-05,
    1.3e-05
  ],
  "boxel_volumes_free_space": [
    0.000937,
    0.000937,
    0.000469,
    0.16,
    0.01,
    0.06,
    0.01,
    0.01,
    0.015,
    0.0025,
    0.005625,
    0.00125,
    0.00625,
    0.00625,
    0.000469,
    0.00125,
    0.000625,
    0.000469,
    0.000156,
    0.000937,
    0.000312,
    0.000469,
    0.000937,
    0.000312,
    0.000625,
    0.000625,
    0.001094,
    0.000234,
    0.000469,
    0.000313,
    0.000938,
    0.000937,
    0.000625,
    0.000156,
    0.000625,
    0.000313,
    0.000234,
    0.000156
  ],
  "n_init_state_facts": 1096,
  "n_facts_by_predicate": {
    "blocks_view_at": 733,
    "Obj": 9,
    "boxel_fits": 87,
    "is_shadow": 18,
    "obj_at_boxel_KIF": 95,
    "is_free_space": 38,
    "Boxel": 64,
    "on_surface": 21,
    "Config": 1,
    "clear": 6,
    "is_object": 6,
    "on_table": 6,
    "obj_at_boxel": 7,
    "obj_pose_known": 1,
    "at_config": 1,
    "is_tray": 1,
    "on": 1,
    "handempty": 1
  },
  "wall_clock_s": 44.591
}