{
  "run_config": {
    "scene": "random-pairs",
    "n_occluders": 3,
    "n_targets": 4,
    "n_hidden": 3,
    "n_extra_distractors": 1,
    "n_objects": 3,
    "seed": 190,
    "goal": "find-and-tray-stack",
    "stack_height": 2,
    "unit_costs": false,
    "baseline": "semantic",
    "uniform_cell_size": 0.05,
    "min_boxel_size": null,
    "gui": false,
    "boxel_viz": true,
    "show_free": false,
    "log_level": "quiet",
    "effective_min_boxel_size": 0.0924
  },
  "success": false,
  "exit_reason": "planner_failed",
  "plan_count": 3,
  "n_sense_actions": 1,
  "total_planning_time_s": 12.585,
  "per_call_planning_time_s": [
    4.835,
    5.585,
    2.164
  ],
  "physical_failures_per_action": [],
  "physical_failures_at_goal": [],
  "boxel_counts_per_replan": [
    {
      "plan_index": 1,
      "n_object_boxels": 5,
      "n_shadow_boxels": 8,
      "n_free_space_boxels": 37
    },
    {
      "plan_index": 2,
      "n_object_boxels": 6,
      "n_shadow_boxels": 9,
      "n_free_space_boxels": 51
    },
    {
      "plan_index": 3,
      "n_object_boxels": 6,
      "n_shadow_boxels": 9,
      "n_free_space_boxels": 51
    }
  ],
  "n_object_boxels": 6,
  "n_shadow_boxels": 9,
  "n_free_space_boxels": 51,
  "boxel_volumes_object": [
    0.00332,
    0.000805,
    0.000729,
    0.000547,
    0.00011,
    0.000154
  ],
  "boxel_volumes_shadow": [
    0.000658,
    0.001018,
    0.000589,
    0.000862,
    0.000805,
    0.000189,
    0.000244,
    0.000172,
    0.000201
  ],
  "boxel_volumes_free_space": [
    0.08,
    0.01,
    0.003125,
    0.00125,
    0.0025,
    0.0025,
    0.001875,
    0.0025,
    0.0025,
    0.000937,
    0.000312,
    0.000313,
    0.000469,
    0.000312,
    0.000156,
    0.000156,
    0.000156,
    0.000312,
    0.000469,
    0.000156,
    0.000625,
    0.000156,
    0.000234,
    0.000938,
    0.000156,
    0.000156,
    0.08,
    0.04,
    0.02,
    0.01,
    0.01,
    0.015,
    0.01,
    0.00125,
    0.000625,
    0.00125,
    0.000469,
    0.000312,
    0.000625,
    0.000313,
    0.000313,
    0.000625,
    0.000156,
    0.000469,
    0.000781,
    7.8e-05,
    0.000312,
    0.000156,
    0.000156,
    0.000469,
    0.000156
  ],
  "n_init_state_facts": 905,
  "n_facts_by_predicate": {
    "obj_at_boxel_KIF": 121,
    "blocks_view_at": 483,
    "boxel_fits": 111,
    "is_free_space": 51,
    "Boxel": 68,
    "Obj": 9,
    "on_surface": 21,
    "clear": 7,
    "on_table": 7,
    "is_shadow": 9,
    "is_object": 6,
    "is_tray": 1,
    "obj_at_boxel": 7,
    "at_config": 1,
    "Config": 1,
    "handempty": 1,
    "obj_pose_known": 1
  },
  "wall_clock_s": 18.045
}