{
  "run_config": {
    "scene": "random-pairs",
    "n_occluders": 3,
    "n_targets": 3,
    "n_hidden": 2,
    "n_extra_distractors": 1,
    "n_objects": 3,
    "seed": 228,
    "goal": "find-and-tray-stack",
    "stack_height": 2,
    "unit_costs": false,
    "baseline": "semantic",
    "uniform_cell_size": 0.05,
    "min_boxel_size": 0.05,
    "gui": false,
    "boxel_viz": true,
    "show_free": false,
    "log_level": "quiet",
    "effective_min_boxel_size": 0.05
  },
  "success": false,
  "exit_reason": "planner_failed",
  "plan_count": 4,
  "n_sense_actions": 2,
  "total_planning_time_s": 23.101,
  "per_call_planning_time_s": [
    11.432,
    5.541,
    4.116,
    2.012
  ],
  "physical_failures_per_action": [],
  "physical_failures_at_goal": [],
  "boxel_counts_per_replan": [
    {
      "plan_index": 1,
      "n_object_boxels": 5,
      "n_shadow_boxels": 10,
      "n_free_space_boxels": 30
    },
    {
      "plan_index": 2,
      "n_object_boxels": 5,
      "n_shadow_boxels": 10,
      "n_free_space_boxels": 35
    },
    {
      "plan_index": 3,
      "n_object_boxels": 5,
      "n_shadow_boxels": 10,
      "n_free_space_boxels": 35
    },
    {
      "plan_index": 4,
      "n_object_boxels": 6,
      "n_shadow_boxels": 11,
      "n_free_space_boxels": 40
    }
  ],
  "n_object_boxels": 6,
  "n_shadow_boxels": 11,
  "n_free_space_boxels": 40,
  "boxel_volumes_object": [
    0.00332,
    0.000386,
    0.000877,
    0.000708,
    0.000125,
    0.000205
  ],
  "boxel_volumes_shadow": [
    0.000672,
    0.000508,
    0.000647,
    0.000138,
    0.000191,
    9e-06,
    0.000632,
    0.001392,
    2e-05,
    0.000239,
    0.00031
  ],
  "boxel_volumes_free_space": [
    0.16,
    0.000937,
    0.000469,
    0.000469,
    0.000234,
    0.000312,
    0.000156,
    0.000156,
    0.08,
    0.02,
    0.005,
    0.00125,
    0.00125,
    0.000469,
    0.000469,
    0.01,
    0.005,
    0.001875,
    0.0025,
    0.0025,
    0.001875,
    0.00125,
    0.000625,
    0.000313,
    0.000312,
    0.000937,
    0.000937,
    0.000156,
    0.000312,
    0.000156,
    0.000312,
    0.000156,
    0.000312,
    0.000469,
    0.00125,
    0.000312,
    0.000469,
    0.000469,
    0.000625,
    0.000313
  ],
  "n_init_state_facts": 826,
  "n_facts_by_predicate": {
    "Boxel": 60,
    "is_free_space": 40,
    "blocks_view_at": 479,
    "obj_at_boxel_KIF": 99,
    "boxel_fits": 81,
    "is_shadow": 11,
    "Obj": 9,
    "obj_pose_known": 1,
    "on_surface": 16,
    "on_table": 6,
    "clear": 6,
    "is_object": 6,
    "handempty": 1,
    "obj_at_boxel": 7,
    "at_config": 1,
    "Config": 1,
    "on": 1,
    "is_tray": 1
  },
  "wall_clock_s": 30.588
}