{
  "run_config": {
    "scene": "random-pairs",
    "n_occluders": 4,
    "n_targets": 4,
    "n_hidden": 4,
    "n_extra_distractors": 0,
    "n_objects": 3,
    "seed": 304,
    "goal": "holding",
    "stack_height": 2,
    "unit_costs": false,
    "baseline": "semantic",
    "uniform_cell_size": 0.05,
    "min_boxel_size": null,
    "gui": false,
    "boxel_viz": true,
    "show_free": false,
    "log_level": "quiet",
    "effective_min_boxel_size": 0.0982
  },
  "success": true,
  "exit_reason": null,
  "plan_count": 3,
  "n_sense_actions": 2,
  "total_planning_time_s": 8.417,
  "per_call_planning_time_s": [
    3.07,
    2.069,
    3.278
  ],
  "physical_failures_per_action": [],
  "physical_failures_at_goal": [],
  "boxel_counts_per_replan": [
    {
      "plan_index": 1,
      "n_object_boxels": 4,
      "n_shadow_boxels": 9,
      "n_free_space_boxels": 27
    },
    {
      "plan_index": 2,
      "n_object_boxels": 4,
      "n_shadow_boxels": 9,
      "n_free_space_boxels": 27
    },
    {
      "plan_index": 3,
      "n_object_boxels": 5,
      "n_shadow_boxels": 10,
      "n_free_space_boxels": 38
    }
  ],
  "n_object_boxels": 6,
  "n_shadow_boxels": 10,
  "n_free_space_boxels": 37,
  "boxel_volumes_object": [
    0.000397,
    0.001011,
    0.000803,
    0.000378,
    0.00016,
    0.000101
  ],
  "boxel_volumes_shadow": [
    0.00044,
    0.000622,
    0.000604,
    0.00078,
    0.001504,
    0.000382,
    0.000109,
    0.000617,
    0.000259,
    0.000328
  ],
  "boxel_volumes_free_space": [
    0.16,
    0.0075,
    0.00375,
    0.000469,
    0.000937,
    0.000312,
    0.000469,
    0.000313,
    0.000625,
    0.000156,
    0.000313,
    0.000938,
    0.000156,
    0.000469,
    0.000313,
    0.000469,
    0.08,
    0.02,
    0.01,
    0.0025,
    0.000625,
    0.003125,
    0.000469,
    0.000937,
    0.000625,
    0.000312,
    0.000625,
    0.000156,
    0.000781,
    0.000156,
    0.000313,
    0.000313,
    0.000234,
    0.000313,
    0.000156,
    0.000391,
    0.000313
  ],
  "n_init_state_facts": 619,
  "n_facts_by_predicate": {
    "boxel_fits": 71,
    "blocks_view_at": 355,
    "Boxel": 54,
    "obj_at_boxel_KIF": 48,
    "is_free_space": 38,
    "on_surface": 12,
    "on_table": 6,
    "is_object": 5,
    "is_shadow": 10,
    "obj_at_boxel": 5,
    "handempty": 1,
    "Obj": 6,
    "Config": 1,
    "clear": 6,
    "at_config": 1
  },
  "wall_clock_s": 13.648
}