{
  "run_config": {
    "scene": "random-pairs",
    "n_occluders": 3,
    "n_targets": 2,
    "n_hidden": 1,
    "n_extra_distractors": 1,
    "n_objects": 3,
    "seed": 221,
    "goal": "find-and-tray-stack",
    "stack_height": 2,
    "unit_costs": false,
    "baseline": "semantic",
    "uniform_cell_size": 0.05,
    "min_boxel_size": 0.05,
    "gui": false,
    "boxel_viz": true,
    "show_free": false,
    "log_level": "quiet",
    "effective_min_boxel_size": 0.05
  },
  "success": false,
  "exit_reason": "planner_failed",
  "plan_count": 3,
  "n_sense_actions": 1,
  "total_planning_time_s": 8.77,
  "per_call_planning_time_s": [
    4.412,
    3.29,
    1.069
  ],
  "physical_failures_per_action": [],
  "physical_failures_at_goal": [],
  "boxel_counts_per_replan": [
    {
      "plan_index": 1,
      "n_object_boxels": 5,
      "n_shadow_boxels": 10,
      "n_free_space_boxels": 41
    },
    {
      "plan_index": 2,
      "n_object_boxels": 5,
      "n_shadow_boxels": 10,
      "n_free_space_boxels": 43
    },
    {
      "plan_index": 3,
      "n_object_boxels": 5,
      "n_shadow_boxels": 10,
      "n_free_space_boxels": 43
    }
  ],
  "n_object_boxels": 5,
  "n_shadow_boxels": 10,
  "n_free_space_boxels": 43,
  "boxel_volumes_object": [
    0.00332,
    0.000447,
    0.000985,
    0.000238,
    0.000171
  ],
  "boxel_volumes_shadow": [
    0.00013,
    3e-05,
    0.00014,
    0.000966,
    0.001502,
    0.000197,
    9e-06,
    0.000258,
    0.000574,
    0.000765
  ],
  "boxel_volumes_free_space": [
    0.12,
    0.08,
    0.06,
    0.01,
    0.005625,
    0.00125,
    0.0025,
    0.005,
    0.0025,
    0.0025,
    0.000469,
    0.000313,
    0.000625,
    0.000469,
    0.001094,
    0.000625,
    0.000625,
    0.000156,
    0.000313,
    0.000156,
    0.000312,
    0.000156,
    0.000625,
    0.000625,
    0.000156,
    0.000156,
    0.000781,
    0.000156,
    0.000313,
    0.000156,
    0.000313,
    0.000234,
    0.000625,
    0.000156,
    0.000234,
    0.000156,
    0.00125,
    0.001563,
    0.00125,
    0.00125,
    0.000625,
    0.000625,
    0.000313
  ],
  "n_init_state_facts": 564,
  "n_facts_by_predicate": {
    "boxel_fits": 79,
    "blocks_view_at": 215,
    "Boxel": 60,
    "obj_at_boxel_KIF": 102,
    "is_object": 5,
    "Obj": 8,
    "is_tray": 1,
    "is_free_space": 43,
    "handempty": 1,
    "is_shadow": 10,
    "on_surface": 20,
    "obj_at_boxel": 6,
    "on_table": 5,
    "at_config": 1,
    "clear": 5,
    "on": 1,
    "Config": 1,
    "obj_pose_known": 1
  },
  "wall_clock_s": 13.822
}