{
  "run_config": {
    "scene": "random-pairs",
    "n_occluders": 4,
    "n_targets": 2,
    "n_hidden": 1,
    "n_extra_distractors": 1,
    "n_objects": 3,
    "seed": 261,
    "goal": "find-and-tray-stack",
    "stack_height": 2,
    "unit_costs": false,
    "baseline": "semantic",
    "uniform_cell_size": 0.05,
    "min_boxel_size": 0.05,
    "gui": false,
    "boxel_viz": true,
    "show_free": false,
    "log_level": "quiet",
    "effective_min_boxel_size": 0.05
  },
  "success": false,
  "exit_reason": "planner_failed",
  "plan_count": 4,
  "n_sense_actions": 1,
  "total_planning_time_s": 56.083,
  "per_call_planning_time_s": [
    11.261,
    37.25,
    5.776,
    1.796
  ],
  "physical_failures_per_action": [],
  "physical_failures_at_goal": [],
  "boxel_counts_per_replan": [
    {
      "plan_index": 1,
      "n_object_boxels": 6,
      "n_shadow_boxels": 16,
      "n_free_space_boxels": 33
    },
    {
      "plan_index": 2,
      "n_object_boxels": 6,
      "n_shadow_boxels": 16,
      "n_free_space_boxels": 33
    },
    {
      "plan_index": 3,
      "n_object_boxels": 6,
      "n_shadow_boxels": 16,
      "n_free_space_boxels": 33
    },
    {
      "plan_index": 4,
      "n_object_boxels": 6,
      "n_shadow_boxels": 15,
      "n_free_space_boxels": 38
    }
  ],
  "n_object_boxels": 6,
  "n_shadow_boxels": 15,
  "n_free_space_boxels": 38,
  "boxel_volumes_object": [
    0.00332,
    0.000912,
    0.00059,
    0.00116,
    0.000546,
    0.00022
  ],
  "boxel_volumes_shadow": [
    0.000665,
    0.000145,
    1.5e-05,
    0.000624,
    0.001002,
    0.000611,
    0.000798,
    0.000227,
    0.000263,
    0.000415,
    0.000377,
    7e-06,
    2.6e-05,
    1.2e-05,
    4e-06
  ],
  "boxel_volumes_free_space": [
    0.08,
    0.0025,
    0.001875,
    0.000156,
    0.000156,
    0.000313,
    0.000313,
    0.000313,
    0.000625,
    0.000156,
    0.000156,
    0.12,
    0.06,
    0.01,
    0.00375,
    0.0025,
    0.005,
    0.00125,
    0.000938,
    0.000312,
    0.000625,
    0.000781,
    0.000938,
    0.00125,
    0.000625,
    0.000234,
    0.000156,
    0.000469,
    0.000937,
    0.000625,
    0.000313,
    0.000938,
    0.000469,
    0.000469,
    0.000469,
    0.000938,
    0.000234,
    0.000937
  ],
  "n_init_state_facts": 712,
  "n_facts_by_predicate": {
    "blocks_view_at": 375,
    "boxel_fits": 68,
    "is_free_space": 38,
    "Boxel": 61,
    "clear": 6,
    "obj_at_boxel_KIF": 95,
    "on_surface": 20,
    "on": 1,
    "is_shadow": 15,
    "Obj": 9,
    "obj_at_boxel": 7,
    "obj_pose_known": 1,
    "is_object": 6,
    "Config": 1,
    "is_tray": 1,
    "handempty": 1,
    "on_table": 6,
    "at_config": 1
  },
  "wall_clock_s": 62.556
}