{
  "run_config": {
    "scene": "random-pairs",
    "n_occluders": 3,
    "n_targets": 3,
    "n_hidden": 2,
    "n_extra_distractors": 1,
    "n_objects": 3,
    "seed": 53,
    "goal": "find-and-tray-stack",
    "stack_height": 2,
    "unit_costs": false,
    "baseline": "semantic",
    "uniform_cell_size": 0.05,
    "min_boxel_size": null,
    "gui": false,
    "boxel_viz": true,
    "show_free": false,
    "log_level": "quiet",
    "effective_min_boxel_size": 0.0954
  },
  "success": true,
  "exit_reason": null,
  "plan_count": 4,
  "n_sense_actions": 1,
  "total_planning_time_s": 82.631,
  "per_call_planning_time_s": [
    4.865,
    13.884,
    60.991,
    2.892
  ],
  "physical_failures_per_action": [
    {
      "action": "stack",
      "obj": "cyan_object",
      "on": "purple_object",
      "reason": "bottom_z=0.3732 not \u2248 top_z=0.3796 (\u0394=0.0064 > \u03b5=0.005)",
      "plan": 2
    }
  ],
  "physical_failures_at_goal": [],
  "boxel_counts_per_replan": [
    {
      "plan_index": 1,
      "n_object_boxels": 5,
      "n_shadow_boxels": 8,
      "n_free_space_boxels": 25
    },
    {
      "plan_index": 2,
      "n_object_boxels": 5,
      "n_shadow_boxels": 8,
      "n_free_space_boxels": 25
    },
    {
      "plan_index": 3,
      "n_object_boxels": 6,
      "n_shadow_boxels": 8,
      "n_free_space_boxels": 41
    },
    {
      "plan_index": 4,
      "n_object_boxels": 6,
      "n_shadow_boxels": 8,
      "n_free_space_boxels": 41
    }
  ],
  "n_object_boxels": 6,
  "n_shadow_boxels": 8,
  "n_free_space_boxels": 41,
  "boxel_volumes_object": [
    0.00332,
    0.000908,
    0.000466,
    0.000401,
    0.000116,
    0.000129
  ],
  "boxel_volumes_shadow": [
    0.000664,
    0.001023,
    0.000415,
    0.000579,
    0.000185,
    0.000233,
    0.000751,
    0.000973
  ],
  "boxel_volumes_free_space": [
    0.08,
    0.08,
    0.01,
    0.00375,
    0.005,
    0.0025,
    0.0025,
    0.000312,
    0.000625,
    0.000156,
    0.04,
    0.02,
    0.005,
    0.015,
    0.01,
    0.005625,
    0.0025,
    0.00125,
    0.0025,
    0.00125,
    0.000625,
    0.000312,
    0.000625,
    0.00125,
    0.001094,
    0.001563,
    0.001406,
    0.000625,
    0.000156,
    0.000469,
    0.000313,
    0.001094,
    0.000937,
    0.000938,
    0.000313,
    0.00125,
    0.000234,
    0.000469,
    0.000625,
    0.000234,
    0.000156
  ],
  "n_init_state_facts": 608,
  "n_facts_by_predicate": {
    "Boxel": 57,
    "blocks_view_at": 248,
    "boxel_fits": 96,
    "on": 1,
    "obj_at_boxel_KIF": 101,
    "is_free_space": 41,
    "clear": 5,
    "on_surface": 19,
    "obj_at_boxel": 7,
    "is_shadow": 8,
    "is_object": 6,
    "handempty": 1,
    "on_table": 5,
    "Obj": 9,
    "obj_pose_known": 1,
    "is_tray": 1,
    "Config": 1,
    "at_config": 1
  },
  "wall_clock_s": 88.132
}