{
  "run_config": {
    "scene": "random-pairs",
    "n_occluders": 4,
    "n_targets": 3,
    "n_hidden": 2,
    "n_extra_distractors": 1,
    "n_objects": 3,
    "seed": 16,
    "goal": "find-and-tray-stack",
    "stack_height": 2,
    "unit_costs": false,
    "baseline": "semantic",
    "uniform_cell_size": 0.05,
    "min_boxel_size": 0.05,
    "gui": false,
    "boxel_viz": true,
    "show_free": false,
    "log_level": "quiet",
    "effective_min_boxel_size": 0.05
  },
  "success": false,
  "exit_reason": "planner_failed",
  "plan_count": 4,
  "n_sense_actions": 1,
  "total_planning_time_s": 36.63,
  "per_call_planning_time_s": [
    16.347,
    9.802,
    7.521,
    2.96
  ],
  "physical_failures_per_action": [],
  "physical_failures_at_goal": [],
  "boxel_counts_per_replan": [
    {
      "plan_index": 1,
      "n_object_boxels": 6,
      "n_shadow_boxels": 15,
      "n_free_space_boxels": 30
    },
    {
      "plan_index": 2,
      "n_object_boxels": 7,
      "n_shadow_boxels": 16,
      "n_free_space_boxels": 44
    },
    {
      "plan_index": 3,
      "n_object_boxels": 7,
      "n_shadow_boxels": 16,
      "n_free_space_boxels": 44
    },
    {
      "plan_index": 4,
      "n_object_boxels": 7,
      "n_shadow_boxels": 16,
      "n_free_space_boxels": 44
    }
  ],
  "n_object_boxels": 7,
  "n_shadow_boxels": 16,
  "n_free_space_boxels": 44,
  "boxel_volumes_object": [
    0.00332,
    0.000356,
    0.000507,
    0.000453,
    0.000232,
    0.00014,
    9.6e-05
  ],
  "boxel_volumes_shadow": [
    6.9e-05,
    9.9e-05,
    6.9e-05,
    0.000279,
    0.00013,
    0.00027,
    1.9e-05,
    0.000577,
    0.000675,
    6e-06,
    0.000408,
    0.000497,
    0.00018,
    0.000276,
    0.000107,
    0.000159
  ],
  "boxel_volumes_free_space": [
    0.08,
    0.08,
    0.04,
    0.02,
    0.01,
    0.01,
    0.005,
    0.00125,
    0.001563,
    0.0025,
    0.0025,
    0.00375,
    0.00125,
    0.00125,
    0.000625,
    0.000781,
    0.000313,
    0.000312,
    0.000312,
    0.000469,
    0.000625,
    0.000625,
    0.000469,
    0.01,
    0.01,
    0.0075,
    0.01,
    0.00125,
    0.00125,
    0.000625,
    0.000156,
    0.000469,
    0.000156,
    0.000312,
    0.000469,
    0.000156,
    0.000156,
    0.000469,
    0.000625,
    0.000312,
    0.000312,
    0.000156,
    0.000156,
    0.000313
  ],
  "n_init_state_facts": 1009,
  "n_facts_by_predicate": {
    "blocks_view_at": 548,
    "obj_at_boxel_KIF": 110,
    "boxel_fits": 154,
    "is_free_space": 44,
    "clear": 7,
    "is_shadow": 16,
    "Boxel": 69,
    "Obj": 10,
    "on_surface": 23,
    "obj_at_boxel": 8,
    "is_tray": 1,
    "is_object": 7,
    "handempty": 1,
    "on_table": 7,
    "on": 1,
    "obj_pose_known": 1,
    "Config": 1,
    "at_config": 1
  },
  "wall_clock_s": 45.412
}