{
  "run_config": {
    "scene": "random-pairs",
    "n_occluders": 4,
    "n_targets": 5,
    "n_hidden": 4,
    "n_extra_distractors": 1,
    "n_objects": 3,
    "seed": 45,
    "goal": "find-and-tray-stack",
    "stack_height": 2,
    "unit_costs": false,
    "baseline": "semantic",
    "uniform_cell_size": 0.05,
    "min_boxel_size": null,
    "gui": false,
    "boxel_viz": true,
    "show_free": false,
    "log_level": "quiet",
    "effective_min_boxel_size": 0.0997
  },
  "success": true,
  "exit_reason": null,
  "plan_count": 4,
  "n_sense_actions": 4,
  "total_planning_time_s": 41.772,
  "per_call_planning_time_s": [
    7.043,
    8.506,
    14.569,
    11.654
  ],
  "physical_failures_per_action": [],
  "physical_failures_at_goal": [],
  "boxel_counts_per_replan": [
    {
      "plan_index": 1,
      "n_object_boxels": 6,
      "n_shadow_boxels": 14,
      "n_free_space_boxels": 28
    },
    {
      "plan_index": 2,
      "n_object_boxels": 7,
      "n_shadow_boxels": 15,
      "n_free_space_boxels": 32
    },
    {
      "plan_index": 3,
      "n_object_boxels": 8,
      "n_shadow_boxels": 17,
      "n_free_space_boxels": 42
    },
    {
      "plan_index": 4,
      "n_object_boxels": 8,
      "n_shadow_boxels": 17,
      "n_free_space_boxels": 42
    }
  ],
  "n_object_boxels": 9,
  "n_shadow_boxels": 17,
  "n_free_space_boxels": 41,
  "boxel_volumes_object": [
    0.00332,
    0.000731,
    0.000463,
    0.000321,
    0.000243,
    7.4e-05,
    0.000108,
    0.000105,
    7.8e-05
  ],
  "boxel_volumes_shadow": [
    0.000317,
    0.000385,
    0.000651,
    0.000123,
    0.000155,
    0.000476,
    0.000334,
    0.000151,
    3.1e-05,
    0.000684,
    0.000279,
    2.5e-05,
    0.000114,
    0.000151,
    0.000108,
    8.9e-05,
    3e-05
  ],
  "boxel_volumes_free_space": [
    0.16,
    0.00125,
    0.000937,
    0.000469,
    0.000312,
    0.000469,
    0.000312,
    0.000313,
    7.8e-05,
    0.08,
    0.00125,
    0.00125,
    0.000469,
    0.000469,
    0.02,
    0.01,
    0.015,
    0.00125,
    0.000625,
    0.000469,
    0.000156,
    0.000625,
    0.000469,
    0.000156,
    0.000625,
    0.000469,
    0.000313,
    0.000625,
    0.000234,
    0.00125,
    0.00125,
    0.000937,
    0.000469,
    0.000469,
    0.000313,
    0.000313,
    0.000469,
    0.000625,
    0.000156,
    0.000469,
    0.000313
  ],
  "n_init_state_facts": 1109,
  "n_facts_by_predicate": {
    "boxel_fits": 161,
    "Boxel": 71,
    "blocks_view_at": 641,
    "Config": 1,
    "is_free_space": 42,
    "Obj": 11,
    "obj_at_boxel_KIF": 109,
    "is_object": 8,
    "on_surface": 18,
    "clear": 8,
    "obj_at_boxel": 9,
    "on": 1,
    "at_config": 1,
    "on_table": 8,
    "is_shadow": 17,
    "is_tray": 1,
    "obj_pose_known": 1,
    "handempty": 1
  },
  "wall_clock_s": 48.502
}