{
  "run_config": {
    "scene": "random-pairs",
    "n_occluders": 4,
    "n_targets": 1,
    "n_hidden": 1,
    "n_extra_distractors": 0,
    "n_objects": 3,
    "seed": 221,
    "goal": "holding",
    "stack_height": 2,
    "unit_costs": false,
    "baseline": "semantic",
    "uniform_cell_size": 0.05,
    "min_boxel_size": null,
    "gui": false,
    "boxel_viz": true,
    "show_free": false,
    "log_level": "quiet",
    "effective_min_boxel_size": 0.0989
  },
  "success": false,
  "exit_reason": "planner_failed",
  "plan_count": 2,
  "n_sense_actions": 0,
  "total_planning_time_s": 2.5,
  "per_call_planning_time_s": [
    1.652,
    0.849
  ],
  "physical_failures_per_action": [],
  "physical_failures_at_goal": [],
  "boxel_counts_per_replan": [
    {
      "plan_index": 1,
      "n_object_boxels": 4,
      "n_shadow_boxels": 9,
      "n_free_space_boxels": 43
    },
    {
      "plan_index": 2,
      "n_object_boxels": 4,
      "n_shadow_boxels": 9,
      "n_free_space_boxels": 43
    }
  ],
  "n_object_boxels": 4,
  "n_shadow_boxels": 9,
  "n_free_space_boxels": 43,
  "boxel_volumes_object": [
    0.000446,
    0.001161,
    0.000237,
    0.000366
  ],
  "boxel_volumes_shadow": [
    0.000332,
    0.000442,
    0.000966,
    0.001502,
    0.000197,
    9e-06,
    0.000258,
    0.000574,
    0.000765
  ],
  "boxel_volumes_free_space": [
    0.12,
    0.08,
    0.06,
    0.005,
    0.01,
    0.001875,
    0.0025,
    0.00125,
    0.005,
    0.0025,
    0.0025,
    0.00125,
    0.001562,
    0.000781,
    0.000469,
    0.000313,
    0.000313,
    0.001875,
    0.000313,
    0.000469,
    0.000469,
    0.000312,
    0.000156,
    0.000625,
    0.000937,
    0.000156,
    0.000312,
    0.000156,
    0.000156,
    0.000234,
    0.000312,
    0.000469,
    0.000156,
    0.000781,
    0.000156,
    0.000313,
    0.000156,
    0.000313,
    0.000234,
    0.000625,
    0.000156,
    0.000234,
    0.000156
  ],
  "n_init_state_facts": 421,
  "n_facts_by_predicate": {
    "is_shadow": 9,
    "is_free_space": 43,
    "obj_at_boxel_KIF": 51,
    "blocks_view_at": 173,
    "boxel_fits": 47,
    "Boxel": 56,
    "Obj": 5,
    "on_surface": 16,
    "is_object": 4,
    "obj_at_boxel": 4,
    "clear": 5,
    "on_table": 5,
    "at_config": 1,
    "Config": 1,
    "handempty": 1
  },
  "wall_clock_s": 6.91
}