{
  "run_config": {
    "scene": "random-pairs",
    "n_occluders": 4,
    "n_targets": 2,
    "n_hidden": 1,
    "n_extra_distractors": 1,
    "n_objects": 3,
    "seed": 118,
    "goal": "find-and-tray-stack",
    "stack_height": 2,
    "unit_costs": false,
    "baseline": "semantic",
    "uniform_cell_size": 0.05,
    "min_boxel_size": 0.05,
    "gui": false,
    "boxel_viz": true,
    "show_free": false,
    "log_level": "quiet",
    "effective_min_boxel_size": 0.05
  },
  "success": false,
  "exit_reason": "planner_failed",
  "plan_count": 4,
  "n_sense_actions": 1,
  "total_planning_time_s": 30.678,
  "per_call_planning_time_s": [
    5.804,
    6.211,
    16.524,
    2.139
  ],
  "physical_failures_per_action": [],
  "physical_failures_at_goal": [],
  "boxel_counts_per_replan": [
    {
      "plan_index": 1,
      "n_object_boxels": 6,
      "n_shadow_boxels": 16,
      "n_free_space_boxels": 35
    },
    {
      "plan_index": 2,
      "n_object_boxels": 6,
      "n_shadow_boxels": 16,
      "n_free_space_boxels": 35
    },
    {
      "plan_index": 3,
      "n_object_boxels": 6,
      "n_shadow_boxels": 16,
      "n_free_space_boxels": 41
    },
    {
      "plan_index": 4,
      "n_object_boxels": 6,
      "n_shadow_boxels": 16,
      "n_free_space_boxels": 41
    }
  ],
  "n_object_boxels": 6,
  "n_shadow_boxels": 16,
  "n_free_space_boxels": 41,
  "boxel_volumes_object": [
    0.00332,
    0.00071,
    0.000499,
    0.000236,
    0.000725,
    0.000168
  ],
  "boxel_volumes_shadow": [
    0.000796,
    3.4e-05,
    3e-06,
    0.001216,
    2e-06,
    0.000376,
    1.8e-05,
    0.000208,
    2.1e-05,
    7.4e-05,
    0.000184,
    0.000186,
    0.000249,
    0.00082,
    0.00082,
    7.4e-05
  ],
  "boxel_volumes_free_space": [
    0.001562,
    0.000625,
    0.000469,
    0.000313,
    0.000312,
    0.000156,
    0.000156,
    0.000625,
    0.00125,
    0.000469,
    0.000781,
    0.000469,
    0.16,
    0.04,
    0.02,
    0.02,
    0.01,
    0.02,
    0.00625,
    0.00375,
    0.0025,
    0.00375,
    0.00125,
    0.000625,
    0.000312,
    0.00125,
    0.000625,
    0.001563,
    0.000312,
    0.000937,
    0.000156,
    0.000625,
    0.001172,
    0.000312,
    0.000937,
    0.000312,
    0.000156,
    0.000312,
    0.000469,
    0.000937,
    0.000469
  ],
  "n_init_state_facts": 808,
  "n_facts_by_predicate": {
    "blocks_view_at": 461,
    "clear": 6,
    "obj_at_boxel_KIF": 101,
    "Boxel": 65,
    "on_table": 6,
    "boxel_fits": 63,
    "is_free_space": 41,
    "on_surface": 21,
    "is_shadow": 16,
    "Obj": 9,
    "on": 1,
    "is_object": 6,
    "Config": 1,
    "obj_pose_known": 1,
    "obj_at_boxel": 7,
    "handempty": 1,
    "at_config": 1,
    "is_tray": 1
  },
  "wall_clock_s": 36.249
}