{
  "run_config": {
    "scene": "random-pairs",
    "n_occluders": 3,
    "n_targets": 1,
    "n_hidden": 1,
    "n_extra_distractors": 0,
    "n_objects": 3,
    "seed": 155,
    "goal": "holding",
    "stack_height": 2,
    "unit_costs": false,
    "baseline": "semantic",
    "uniform_cell_size": 0.05,
    "min_boxel_size": null,
    "gui": false,
    "boxel_viz": true,
    "show_free": false,
    "log_level": "quiet",
    "effective_min_boxel_size": 0.0976
  },
  "success": false,
  "exit_reason": "planner_failed",
  "plan_count": 4,
  "n_sense_actions": 0,
  "total_planning_time_s": 8.697,
  "per_call_planning_time_s": [
    3.335,
    1.95,
    2.615,
    0.798
  ],
  "physical_failures_per_action": [],
  "physical_failures_at_goal": [],
  "boxel_counts_per_replan": [
    {
      "plan_index": 1,
      "n_object_boxels": 3,
      "n_shadow_boxels": 11,
      "n_free_space_boxels": 22
    },
    {
      "plan_index": 2,
      "n_object_boxels": 3,
      "n_shadow_boxels": 11,
      "n_free_space_boxels": 22
    },
    {
      "plan_index": 3,
      "n_object_boxels": 3,
      "n_shadow_boxels": 11,
      "n_free_space_boxels": 22
    },
    {
      "plan_index": 4,
      "n_object_boxels": 3,
      "n_shadow_boxels": 11,
      "n_free_space_boxels": 43
    }
  ],
  "n_object_boxels": 3,
  "n_shadow_boxels": 11,
  "n_free_space_boxels": 43,
  "boxel_volumes_object": [
    0.001036,
    0.000724,
    0.000277
  ],
  "boxel_volumes_shadow": [
    0.000767,
    0.000598,
    0.000312,
    8e-06,
    0.000468,
    0.000567,
    0.00025,
    0.000302,
    4.1e-05,
    0.000365,
    1e-05
  ],
  "boxel_volumes_free_space": [
    0.004375,
    0.00375,
    0.000937,
    0.000313,
    0.000312,
    0.001562,
    0.000703,
    0.000313,
    0.000156,
    0.16,
    0.04,
    0.02,
    0.02,
    0.01,
    0.02,
    0.0025,
    0.00375,
    0.004375,
    0.0025,
    0.00125,
    0.000156,
    0.000469,
    0.000625,
    0.000469,
    0.000625,
    0.000625,
    0.000625,
    0.000156,
    0.000156,
    0.000313,
    0.000312,
    0.000234,
    0.000156,
    0.000156,
    0.000625,
    0.000625,
    0.000469,
    0.000156,
    0.000156,
    0.00125,
    0.000625,
    0.000313,
    0.000234
  ],
  "n_init_state_facts": 447,
  "n_facts_by_predicate": {
    "is_shadow": 11,
    "on_surface": 21,
    "blocks_view_at": 200,
    "obj_at_boxel_KIF": 49,
    "is_free_space": 43,
    "Boxel": 58,
    "boxel_fits": 44,
    "Obj": 4,
    "on_table": 4,
    "is_object": 3,
    "obj_at_boxel": 3,
    "clear": 4,
    "Config": 1,
    "at_config": 1,
    "handempty": 1
  },
  "wall_clock_s": 13.683
}